{
  "HPCC_UA": 1467883.948139511,
  "REACT_MASS_DES": [
    246445.9027903985,
    226176.8449456,
    22354.6374
  ],
  "HPCC_LIQ_DES_LIVE": 187448.37554142738,
  "EJ_MOTIVE_DES_LIVE": 42762.05427809782,
  "REACT_TEAR_DES": {
    "CO2": -54.903018720153796,
    "CH4": -3.86,
    "H2": -2.02,
    "H2O": -6.798105839846812,
    "N2": 0.2836663999999942,
    "NH3": 46.73738799738385,
    "O2": -0.025599999999999845,
    "Urea": -4.727722289846424,
    "Biuret": 0.0
  },
  "REACT_L_FEED_DES": 3.072961,
  "REACT_W_FEED_DES": 0.4078279999998129,
  "REACT_X_DES": 0.5430003838353971,
  "HPCC_NC_DES_LIVE": 3.1232404583423516,
  "M_USERS_LP": 29.774299169939894,
  "A328_GCB_DES": 5901.352511760933,
  "A328_GCB_T": 38.8,
  "A328_PHI_ABS": 0.022028848427698595,
  "A328_VENT_DES": 5771.352511760933,
  "A328_LAMBDA_ABS": 3506.759401519875
}